"'"	1115
"''tis"	2
"'a"	11
"'advance"	1
"'after"	2
"'ah"	4
"'ahem"	1
"'alice"	1
"'all"	3
"'allow"	1
"'an"	1
"'and"	56
"'any"	1
"'anything"	1
"'are"	7
"'arrum"	1
"'as"	8
"'at"	3
"'back"	1
"'beautiful"	2
"'because"	3
"'begin"	1
"'behead"	1
"'besides"	1
"'boots"	1
"'bring"	1
"'but"	39
"'by"	1
"'call"	4
"'can"	1
"'can't"	1
"'catch"	1
"'certainly"	1
"'change"	1
"'cheshire"	1
"'chop"	1
"'chorus"	1
"'collar"	1
"'come"	15
"'consider"	3
"'creatures"	1
"'crumbs"	1
"'curiouser"	1
"'dear"	1
"'did"	3
"'digging"	1
"'dinah'll"	1
"'dinah's"	1
"'do"	8
"'does"	2
"'don't"	6
"'drink"	3
"'drive"	1
"'each"	1
"'eat"	1
"'either"	1
"'em"	3
"'everybody"	2
"'everything's"	1
"'exactly"	2
"'explain"	2
"'explanations"	1
"'fetch"	2
"'fifteenth"	1
"'first"	1
"'flamingoes"	1
"'for"	7
"'found"	2
"'fourteenth"	1
"'from"	1
"'fury"	1
"'get"	2
"'give"	3
"'go"	2
"'hadn't"	1
"'hand"	1
"'have"	3
"'he"	7
"'he's"	1
"'herald"	1
"'here"	3
"'his"	1
"'hjckrrh"	1
"'hm"	1
"'hold"	4
"'how"	16
"'however"	1
"'hush"	1
"'i"	126
"'i'd"	4
"'i'll"	5
"'i'm"	20
"'i've"	14
"'idiot"	1
"'if"	21
"'important"	2
"'in"	8
"'is"	4
"'it"	30
"'it'll"	1
"'it's"	24
"'jury"	1
"'just"	3
"'keep"	1
"'leave"	2
"'let"	3
"'let's"	2
"'lives"	2
"'living"	1
"'look"	1
"'mary"	1
"'may"	1
"'mine"	1
"'moral"	1
"'mouse"	1
"'my"	2
"'nearly"	1
"'never"	2
"'nine"	1
"'no"	13
"'nobody"	2
"'nonsense"	1
"'nor"	1
"'not"	11
"'nothing"	4
"'now"	10
"'o"	1
"'of"	12
"'off"	8
"'oh"	23
"'on"	1
"'once"	2
"'one"	5
"'only"	4
"'or"	6
"'orange"	1
"'ou"	1
"'pat"	1
"'pepper"	1
"'perhaps"	3
"'please"	4
"'poison"	2
"'poor"	1
"'pray"	1
"'prizes"	1
"'read"	1
"'really"	3
"'reeling"	1
"'repeat"	1
"'right"	1
"'rule"	1
"'same"	1
"'seals"	1
"'sentence"	1
"'serpent"	2
"'seven"	1
"'sh"	1
"'shall"	2
"'shan't"	1
"'she"	4
"'she'd"	1
"'she's"	3
"'shy"	1
"'silence"	2
"'sit"	2
"'sixteenth"	1
"'so"	7
"'soles"	1
"'some"	1
"'somebody"	1
"'soo"	1
"'speak"	2
"'stand"	1
"'stolen"	1
"'stuff"	1
"'stupid"	3
"'suppose"	2
"'sure"	4
"'swim"	1
"'take"	2
"'talking"	1
"'tell"	3
"'ten"	1
"'than"	1
"'thank"	3
"'that"	15
"'that's"	16
"'the"	21
"'their"	1
"'then"	12
"'there"	4
"'there's"	7
"'they"	10
"'they'd"	1
"'they're"	3
"'thinking"	1
"'this"	3
"'three"	1
"'till"	2
"'tis"	3
"'to"	5
"'treacle"	2
"'turn"	2
"'tut"	1
"'twenty"	1
"'twinkle"	1
"'two"	2
"'ugh"	1
"'unimportant"	3
"'unless"	1
"'until"	1
"'up"	1
"'very"	5
"'w"	1
"'wake"	2
"'was"	1
"'we"	11
"'we're"	1
"'well"	23
"'what"	35
"'what's"	3
"'when"	5
"'whenever"	1
"'where"	1
"'where's"	1
"'which"	4
"'who"	6
"'who's"	1
"'whoever"	1
"'why"	22
"'with"	1
"'without"	1
"'would"	5
"'wouldn't"	1
"'wow"	2
"'write"	1
"'yes"	12
"'you"	40
"'you'd"	2
"'you'll"	2
"'you're"	6
"'you've"	1
"'your"	2
"0"	1
"000"	1
"1"	46
"11"	4
"1500"	1
"1887"	1
"1994"	1
"2"	3
"20"	2
"2001"	1
"2008"	1
"2011"	1
"25"	1
"3"	11
"30"	1
"4"	5
"4557"	1
"5"	4
"50"	1
"501"	2
"596"	1
"6"	2
"60"	1
"6221541"	1
"64"	1
"7"	3
"8"	4
"801"	1
"809"	1
"84116"	1
"9"	3
"90"	2
"99712"	1
"_i_"	2
"a"	679
"abide"	2
"able"	1
"about"	102
"above"	3
"absence"	1
"absurd"	2
"accept"	1
"acceptance"	1
"accepted"	2
"accepting"	1
"access"	10
"accessed"	1
"accessible"	1
"accident"	2
"accidentally"	1
"accordance"	2
"account"	1
"accounting"	1
"accounts"	1
"accusation"	1
"accustomed"	1
"ache"	1
"across"	5
"act"	1
"active"	2
"actual"	1
"actually"	1
"ada"	1
"added"	23
"adding"	1
"addition"	1
"additional"	4
"additions"	1
"address"	1
"addressed"	2
"addresses"	1
"addressing"	1
"adjourn"	1
"adoption"	1
"advance"	2
"advantage"	3
"adventures"	12
"advice"	2
"advisable"	2
"advise"	1
"affair"	1
"affectionately"	1
"afford"	1
"afore"	1
"afraid"	12
"after"	41
"afterwards"	2
"again"	83
"against"	10
"age"	4
"aged"	1
"agent"	1
"ago"	2
"agony"	1
"agree"	11
"agreed"	1
"agreement"	18
"ah"	1
"air"	15
"airs"	1
"ak"	1
"alarm"	2
"alarmed"	1
"alas"	4
"alice"	385
"alice's"	17
"alive"	3
"all"	197
"allow"	3
"almost"	8
"alone"	5
"along"	6
"aloud"	5
"already"	3
"also"	4
"alteration"	1
"altered"	1
"alternate"	1
"alternately"	1
"altogether"	5
"always"	13
"am"	15
"ambition"	1
"among"	12
"an"	60
"ancient"	1
"and"	884
"anger"	2
"angrily"	9
"angry"	5
"animal"	1
"animal's"	1
"animals"	4
"ann"	4
"annoy"	1
"annoyed"	1
"another"	22
"answer"	9
"answered"	4
"answers"	1
"antipathies"	1
"anxious"	3
"anxiously"	14
"any"	75
"anyone"	5
"anything"	21
"anywhere"	3
"appealed"	1
"appear"	3
"appearance"	1
"appeared"	8
"appearing"	2
"appears"	1
"applause"	1
"apple"	1
"apples"	2
"applicable"	3
"apply"	1
"approach"	1
"arch"	1
"archbishop"	2
"arches"	4
"archive"	13
"are"	66
"argue"	1
"argued"	1
"argument"	4
"arguments"	1
"arise"	1
"arithmetic"	1
"arm"	15
"arms"	6
"around"	3
"arranged"	1
"array"	1
"arrived"	1
"arrow"	1
"as"	266
"ascii"	2
"ashamed"	2
"ask"	11
"askance"	1
"asked"	17
"asking"	5
"asleep"	8
"assembled"	2
"assistance"	1
"associated"	8
"at"	224
"ate"	1
"atheling"	1
"atom"	2
"attached"	1
"attempt"	1
"attempted"	1
"attempts"	1
"attended"	1
"attending"	3
"attends"	1
"audibly"	1
"australia"	1
"author"	1
"authority"	2
"available"	2
"avoid"	1
"away"	28
"awfully"	1
"axes"	1
"axis"	1
"b"	3
"baby"	14
"back"	38
"backs"	1
"bad"	2
"bag"	1
"baked"	1
"balanced"	1
"balls"	1
"bank"	3
"banks"	1
"banquet"	1
"bark"	2
"barking"	1
"barley"	1
"barrowful"	2
"based"	2
"bat"	3
"bathing"	1
"bats"	4
"bawled"	1
"be"	167
"beak"	1
"bear"	2
"beast"	1
"beasts"	2
"beat"	4
"beating"	2
"beau"	4
"beauti"	1
"beautiful"	11
"beautifully"	2
"beautify"	1
"became"	2
"because"	13
"become"	5
"becoming"	1
"bed"	1
"beds"	2
"bee"	1
"been"	38
"before"	40
"beg"	8
"began"	58
"begged"	1
"begin"	12
"beginning"	15
"begins"	4
"begun"	7
"beheaded"	3
"beheading"	1
"behind"	13
"being"	19
"believe"	9
"believed"	1
"bells"	1
"belong"	1
"belongs"	2
"beloved"	1
"below"	6
"belt"	1
"bend"	2
"bent"	1
"besides"	3
"best"	12
"better"	13
"better'"	1
"between"	6
"bill"	13
"bill's"	4
"binary"	1
"bird"	2
"birds"	10
"birthday"	1
"bit"	16
"bite"	2
"bitter"	1
"blacking"	1
"blades"	1
"blame"	1
"blasts"	2
"bleeds"	1
"blew"	2
"blow"	2
"blown"	1
"blows"	1
"body"	2
"boldly"	1
"bone"	1
"bones"	1
"book"	11
"books"	2
"boon"	1
"boots"	3
"bore"	1
"both"	16
"bother"	1
"bottle"	10
"bottom"	4
"bough"	1
"bound"	3
"bowed"	4
"bowing"	1
"box"	10
"boxed"	1
"boy"	3
"brain"	1
"branch"	1
"branches"	2
"brandy"	1
"brass"	1
"brave"	1
"breach"	2
"bread"	7
"break"	2
"breath"	4
"breathe"	3
"breeze"	1
"bright"	8
"brightened"	2
"bring"	2
"bringing"	3
"bristling"	1
"broke"	2
"broken"	6
"brother's"	1
"brought"	3
"brown"	2
"brush"	1
"brushing"	1
"burn"	2
"burning"	1
"burnt"	1
"burst"	1
"bursting"	1
"busily"	4
"business"	9
"busy"	2
"but"	136
"butter"	9
"buttercup"	1
"buttered"	1
"butterfly"	1
"buttons"	1
"by"	77
"bye"	2
"c"	6
"cackled"	1
"cake"	3
"cakes"	3
"calculate"	1
"calculated"	1
"call"	5
"called"	15
"calling"	1
"calmly"	1
"came"	40
"camomile"	1
"can"	44
"can't"	27
"canary"	1
"candle"	3
"cannot"	5
"canterbury"	1
"canvas"	1
"capering"	1
"capital"	4
"card"	1
"cardboard"	1
"cards"	3
"care"	4
"carefully"	3
"cares"	2
"carried"	4
"carrier"	1
"carroll"	4
"carry"	2
"carrying"	2
"cart"	1
"cartwheels"	1
"case"	5
"cat"	35
"cat's"	2
"catch"	3
"catching"	2
"caterpillar"	27
"caterpillar's"	1
"cats"	13
"cattle"	1
"caucus"	3
"caught"	3
"cauldron"	2
"cause"	5
"caused"	2
"cautiously"	3
"cease"	1
"ceiling"	1
"centre"	1
"certain"	5
"certainly"	13
"chain"	1
"chains"	1
"chair"	1
"chance"	4
"chanced"	1
"change"	14
"changed"	8
"changes"	2
"changing"	2
"chapter"	12
"character"	1
"charge"	6
"charges"	2
"charitable"	1
"charities"	1
"chatte"	1
"cheap"	1
"cheated"	1
"check"	2
"checked"	3
"checks"	1
"cheeks"	1
"cheered"	3
"cheerfully"	1
"cherry"	1
"cheshire"	6
"chief"	2
"child"	11
"childhood"	1
"children"	10
"chimney"	6
"chimneys"	1
"chin"	7
"choice"	2
"choke"	1
"choked"	3
"choking"	1
"choose"	1
"choosing"	1
"chorus"	5
"chose"	2
"christmas"	1
"chrysalis"	1
"chuckled"	1
"circle"	1
"circumstances"	1
"city"	1
"civil"	3
"claim"	1
"clamour"	1
"clapping"	1
"clasped"	1
"classics"	1
"claws"	2
"clean"	1
"clear"	2
"cleared"	1
"clearer"	1
"clearly"	2
"clever"	2
"climb"	1
"clinging"	1
"clock"	2
"close"	13
"closed"	2
"closely"	1
"closer"	1
"clubs"	1
"coast"	1
"coaxing"	2
"codes"	1
"coils"	1
"cold"	1
"collected"	2
"collection"	4
"come"	32
"comes"	2
"comfits"	2
"comfort"	1
"comfortable"	1
"comfortably"	1
"coming"	9
"commercial"	1
"committed"	1
"common"	1
"commotion"	1
"company"	1
"compilation"	1
"complained"	1
"complaining"	1
"completely"	1
"compliance"	5
"comply"	6
"complying"	3
"compressed"	1
"computer"	2
"computers"	2
"concept"	2
"concerning"	2
"concert"	2
"concluded"	2
"conclusion"	2
"condemn"	1
"conduct"	1
"confirmation"	1
"confirmed"	1
"confused"	4
"confusing"	3
"confusion"	5
"conger"	1
"conqueror"	2
"conquest"	1
"consented"	1
"consequential"	1
"consider"	1
"considerable"	2
"considered"	3
"considering"	3
"constant"	3
"consultation"	1
"contact"	4
"contain"	2
"containing"	1
"contempt"	1
"contemptuous"	1
"contemptuously"	2
"content"	1
"continued"	9
"contract"	1
"contradicted"	1
"contributions"	2
"conversation"	9
"conversations"	2
"convert"	1
"cook"	13
"cool"	2
"copied"	2
"copies"	7
"copy"	12
"copying"	4
"copyright"	14
"corner"	4
"corners"	1
"corporation"	1
"corrupt"	1
"cost"	4
"costs"	2
"could"	78
"couldn't"	9
"counting"	1
"countries"	1
"country"	3
"couple"	1
"couples"	1
"courage"	3
"course"	27
"court"	18
"courtiers"	2
"coward"	1
"crab"	3
"crash"	3
"crashed"	1
"crawled"	1
"crawling"	1
"crazy"	1
"created"	2
"creating"	4
"creation"	1
"creature"	4
"creatures"	9
"credit"	1
"creep"	1
"crept"	1
"cried"	20
"cries"	1
"crimson"	2
"critical"	1
"crocodile"	1
"croquet"	9
"croqueted"	1
"croqueting"	1
"cross"	3
"crossed"	3
"crossly"	1
"crouched"	1
"crowd"	4
"crowded"	5
"crown"	3
"crumbs"	3
"crust"	1
"cry"	3
"crying"	2
"cucumber"	2
"cunning"	1
"cup"	2
"cupboards"	2
"cur"	1
"curiosity"	5
"curious"	19
"curiouser"	1
"curled"	2
"curls"	1
"curly"	1
"currants"	1
"current"	1
"curtain"	1
"curtsey"	1
"curtseying"	1
"curving"	1
"cushion"	2
"custard"	1
"custody"	2
"cut"	5
"cutting"	1
"d"	2
"dainties"	1
"daisies"	1
"daisy"	1
"damage"	2
"damaged"	1
"damages"	4
"dance"	13
"dancing"	2
"dare"	5
"daresay"	1
"dark"	3
"darkness"	1
"data"	1
"date"	4
"dates"	1
"daughter"	1
"day"	29
"days"	8
"dead"	4
"deal"	12
"dear"	28
"dears"	3
"death"	1
"december"	1
"decided"	3
"decidedly"	4
"declare"	2
"declared"	1
"deductible"	1
"deep"	7
"deepest"	1
"deeply"	4
"defect"	3
"defective"	3
"defects"	1
"delay"	1
"deletions"	1
"delight"	3
"delighted"	2
"delightful"	2
"demand"	1
"denial"	1
"denied"	2
"denies"	1
"deny"	2
"denying"	1
"depends"	2
"derision"	1
"derivative"	3
"derive"	1
"derived"	1
"described"	1
"deserved"	1
"desk"	1
"desks"	1
"despair"	1
"desperate"	1
"desperately"	1
"despite"	1
"destroy"	2
"detach"	1
"determine"	1
"diamonds"	1
"did"	60
"didn't"	14
"die"	1
"died"	1
"different"	10
"difficult"	2
"difficulties"	1
"difficulty"	4
"dig"	1
"digging"	3
"diligently"	1
"dinah"	11
"dinah'll"	1
"dinn"	2
"dinner"	2
"dipped"	2
"direct"	1
"directed"	2
"direction"	5
"directions"	3
"directly"	3
"director"	1
"disagree"	1
"disappeared"	2
"disappointment"	1
"disclaim"	1
"disclaimer"	3
"disclaimers"	1
"discontinue"	1
"discover"	1
"discovered"	1
"disgust"	1
"dish"	4
"dishes"	2
"disk"	1
"dismay"	1
"disobey"	1
"display"	1
"displayed"	1
"displaying"	4
"dispute"	2
"distance"	8
"distant"	2
"distraction"	1
"distribute"	6
"distributed"	4
"distributing"	7
"distribution"	6
"distributor"	1
"dive"	1
"do"	90
"dodged"	1
"dodo"	13
"does"	9
"doesn't"	16
"dog"	2
"dog's"	1
"dogs"	3
"doing"	5
"domain"	8
"don't"	55
"donate"	4
"donation"	1
"donations"	15
"done"	15
"donors"	1
"door"	30
"doors"	2
"doorway"	1
"dormouse"	39
"dormouse's"	1
"doth"	3
"double"	1
"doubled"	1
"doubling"	1
"doubt"	4
"doubtful"	2
"doubtfully"	2
"down"	102
"downloading"	1
"downward"	1
"downwards"	1
"doze"	1
"dozing"	1
"dr"	2
"draggled"	1
"draw"	7
"drawing"	1
"drawling"	3
"dreadful"	2
"dreadfully"	6
"dream"	7
"dreamed"	1
"dreaming"	1
"dreamy"	1
"dressed"	1
"drew"	5
"dried"	1
"driest"	1
"drink"	4
"drinking"	1
"dripping"	1
"drive"	1
"drop"	1
"dropped"	5
"dropping"	1
"drowned"	1
"drunk"	2
"dry"	8
"duchess"	39
"duchess's"	3
"duck"	4
"dull"	3
"dunce"	1
"e"	29
"each"	8
"eager"	3
"eagerly"	8
"eaglet"	3
"ear"	6
"earls"	2
"earnestly"	2
"ears"	5
"earth"	4
"easily"	4
"easy"	3
"eat"	17
"eaten"	1
"eating"	1
"eats"	1
"ebook"	9
"ebooks"	7
"edgar"	1
"edge"	3
"edition"	2
"editions"	6
"educational"	1
"educations"	1
"edwin"	2
"eel"	2
"eels"	1
"effect"	3
"effort"	2
"efforts"	3
"egg"	1
"eggs"	5
"eh"	1
"ein"	1
"either"	10
"elbow"	3
"elbows"	1
"elect"	1
"electronic"	27
"electronically"	2
"elegant"	1
"eleventh"	1
"else"	11
"else's"	1
"elsie"	1
"email"	3
"emphasis"	1
"employee"	1
"employees"	2
"empty"	1
"encourage"	1
"encouraged"	1
"encouraging"	2
"end"	20
"ending"	2
"energetic"	1
"engaged"	1
"engine"	1
"england"	1
"english"	7
"engraved"	1
"enjoy"	1
"enormous"	1
"enough"	18
"ensuring"	1
"entangled"	2
"entirely"	2
"entity"	3
"entrance"	1
"equipment"	3
"errors"	1
"escape"	4
"especially"	1
"esq"	1
"est"	1
"even"	21
"evening"	5
"ever"	21
"every"	12
"everybody"	6
"everything"	12
"everything's"	1
"evidence"	7
"evidently"	1
"exact"	1
"exactly"	6
"examine"	2
"examining"	1
"excellent"	2
"except"	7
"exclaimed"	6
"exclamation"	1
"exclusion"	1
"execute"	1
"executed"	6
"executes"	1
"execution"	3
"executioner"	5
"executioner's"	1
"executions"	2
"executive"	1
"exempt"	2
"existence"	1
"exists"	1
"expected"	1
"expecting"	3
"expend"	1
"expense"	1
"expenses"	2
"experiment"	2
"explain"	8
"explained"	1
"explanation"	4
"exporting"	1
"express"	1
"expressing"	1
"expression"	1
"extent"	1
"extra"	1
"extraordinary"	2
"extras"	1
"extremely"	2
"eye"	7
"eyed"	1
"eyelids"	1
"eyes"	29
"f"	10
"f3"	1
"face"	15
"faces"	5
"facility"	1
"fact"	8
"fading"	1
"failure"	1
"faint"	1
"fainting"	1
"faintly"	1
"fair"	1
"fairbanks"	1
"fairly"	1
"fairy"	1
"fall"	7
"fallen"	4
"falling"	2
"familiarly"	1
"family"	1
"fan"	10
"fancied"	2
"fancy"	7
"fancying"	1
"fanned"	1
"fanning"	1
"far"	13
"farm"	1
"farmer"	1
"farther"	1
"fashion"	2
"fast"	4
"faster"	3
"fat"	1
"father"	6
"favoured"	1
"favourite"	1
"fear"	4
"feared"	1
"feather"	1
"feathers"	1
"federal"	2
"fee"	8
"feeble"	2
"feebly"	1
"feel"	8
"feeling"	7
"feelings"	2
"fees"	4
"feet"	19
"fell"	6
"fellow"	4
"fellows"	1
"felt"	23
"fender"	1
"ferrets"	2
"fetch"	5
"few"	10
"fidgeted"	1
"field"	1
"fifteen"	1
"fifth"	1
"fig"	1
"fight"	2
"fighting"	1
"figure"	3
"figures"	1
"file"	2
"files"	2
"filled"	3
"fills"	1
"financial"	1
"find"	21
"finding"	3
"finds"	1
"fine"	2
"finger"	5
"finish"	5
"finished"	12
"finishing"	1
"fire"	4
"fireplace"	1
"first"	50
"fish"	8
"fishes"	1
"fit"	3
"fitness"	1
"fits"	1
"fitted"	1
"five"	8
"fix"	2
"fixed"	1
"flame"	1
"flamingo"	5
"flamingoes"	1
"flapper"	1
"flappers"	1
"flashed"	1
"flat"	2
"flavour"	1
"flew"	1
"flinging"	1
"flock"	1
"floor"	3
"flower"	2
"flowers"	2
"flown"	1
"flung"	1
"flurry"	1
"flustered"	1
"fluttered"	1
"fly"	3
"flying"	1
"folded"	3
"folding"	1
"follow"	3
"followed"	8
"following"	3
"follows"	3
"fond"	4
"foolish"	1
"foot"	10
"footman"	13
"footman's"	1
"footmen"	1
"footsteps"	2
"for"	172
"forehead"	2
"forepaws"	1
"forget"	2
"forgetting"	3
"forgot"	2
"forgotten"	6
"fork"	1
"form"	5
"format"	4
"formats"	2
"forth"	8
"fortunately"	1
"forty"	1
"forwards"	1
"found"	33
"foundation"	22
"foundation's"	3
"fountains"	2
"four"	8
"fourth"	1
"frame"	1
"frames"	1
"france"	1
"free"	8
"freely"	4
"french"	4
"friend"	3
"friends"	2
"fright"	2
"frighten"	1
"frightened"	7
"frog"	3
"from"	50
"front"	2
"frontispiece"	1
"frowning"	4
"frying"	1
"ful"	1
"fulcrum"	1
"full"	19
"fumbled"	1
"fun"	3
"fundraising"	1
"funny"	3
"fur"	3
"furious"	1
"furiously"	1
"furrow"	1
"furrows"	1
"further"	4
"fury"	2
"future"	3
"gained"	1
"gallons"	1
"game"	12
"game's"	1
"games"	1
"garden"	16
"gardeners"	8
"gather"	1
"gave"	15
"gay"	1
"gazing"	1
"gbnewby"	1
"general"	6
"generally"	7
"generations"	2
"gently"	3
"geography"	1
"get"	44
"getting"	22
"giddy"	2
"girl"	4
"girls"	3
"give"	13
"given"	2
"giving"	2
"glad"	11
"glanced"	1
"glaring"	1
"glass"	10
"globe"	1
"gloomily"	1
"gloves"	11
"go"	48
"goals"	1
"goes"	7
"going"	27
"golden"	7
"goldfish"	2
"gone"	13
"good"	27
"goose"	2
"got"	45
"govern"	1
"graceful"	1
"grammar"	1
"grand"	3
"grant"	1
"granted"	1
"grass"	4
"gratefully"	1
"grave"	3
"gravely"	3
"gravy"	1
"grazed"	1
"great"	39
"green"	4
"gregory"	1
"grew"	1
"grey"	1
"grief"	1
"grin"	6
"grinned"	3
"grinning"	1
"grins"	1
"gross"	1
"ground"	8
"group"	1
"grow"	13
"growing"	11
"growl"	3
"growled"	1
"growling"	1
"growls"	1
"grown"	7
"grumbled"	1
"grunt"	1
"grunted"	4
"gryphon"	55
"guard"	1
"guess"	3
"guessed"	3
"guests"	3
"guilt"	1
"guinea"	6
"gutenberg"	91
"gutenberg's"	2
"had"	178
"hadn't"	7
"hair"	7
"half"	23
"hall"	9
"hand"	20
"handed"	3
"hands"	12
"handsome"	1
"handwriting"	1
"hanging"	3
"happen"	8
"happened"	7
"happening"	1
"happens"	5
"happy"	1
"hard"	8
"hardly"	12
"hare"	31
"harm"	1
"harmless"	1
"hart"	2
"has"	9
"hasn't"	2
"haste"	1
"hastily"	16
"hat"	1
"hatching"	1
"hate"	2
"hated"	1
"hatter"	55
"hatter's"	1
"hatters"	1
"have"	82
"haven't"	8
"having"	10
"he"	116
"he'd"	1
"he'll"	1
"he's"	2
"head"	49
"head's"	1
"heads"	10
"heap"	1
"hear"	15
"heard"	30
"hearing"	4
"heart"	2
"hearth"	1
"hearthrug"	1
"hearts"	8
"heavy"	2
"hedge"	2
"hedgehog"	7
"hedgehogs"	3
"hedges"	1
"heels"	1
"height"	5
"held"	4
"help"	12
"helped"	1
"helpless"	1
"her"	248
"here"	48
"hers"	4
"herself"	83
"hid"	1
"hide"	1
"high"	16
"highest"	1
"him"	43
"himself"	6
"hint"	2
"hippopotamus"	1
"his"	95
"hiss"	1
"histories"	1
"history"	7
"hit"	2
"hoarse"	3
"hoarsely"	1
"hold"	7
"holder"	4
"holding"	3
"hole"	5
"holiday"	1
"hollow"	1
"home"	5
"honest"	1
"honour"	4
"hookah"	5
"hope"	4
"hoped"	1
"hopeful"	1
"hopeless"	1
"hoping"	3
"horse"	1
"hot"	7
"hour"	2
"hours"	4
"house"	18
"housemaid"	1
"houses"	1
"how"	56
"however"	20
"howled"	1
"howling"	3
"http"	8
"humble"	1
"humbly"	2
"hundred"	1
"hundreds"	1
"hung"	1
"hungry"	3
"hunting"	3
"hurried"	11
"hurriedly"	2
"hurry"	11
"hurrying"	1
"hurt"	3
"hush"	2
"hypertext"	1
"i"	282
"i'd"	7
"i'll"	26
"i'm"	39
"i've"	20
"idea"	15
"identification"	1
"identify"	1
"idiotic"	1
"if"	95
"ignorant"	1
"ii"	1
"iii"	1
"ill"	2
"imagine"	2
"imitated"	1
"immediate"	3
"immediately"	3
"immense"	1
"impatient"	1
"impatiently"	5
"impertinent"	1
"implied"	2
"important"	6
"imposed"	1
"impossible"	3
"improve"	1
"in"	423
"inaccurate"	1
"incessantly"	1
"inches"	6
"incidental"	1
"inclined"	1
"include"	1
"included"	3
"includes"	1
"including"	8
"incomplete"	1
"increasing"	1
"indeed"	16
"indemnify"	1
"indemnity"	1
"indicate"	1
"indicating"	1
"indignant"	1
"indignantly"	4
"indirect"	1
"indirectly"	1
"individual"	4
"information"	8
"infringement"	1
"injure"	1
"ink"	1
"inkstand"	1
"inquired"	1
"inquisitively"	1
"inside"	2
"insolence"	1
"instance"	3
"instantly"	5
"instead"	3
"insult"	1
"intellectual"	2
"interest"	1
"interesting"	5
"internal"	1
"international"	1
"interpreted"	1
"interrupt"	1
"interrupted"	9
"interrupting"	2
"into"	67
"introduce"	2
"introduced"	1
"invalidity"	1
"invent"	1
"invented"	1
"invitation"	2
"invited"	2
"involved"	1
"inwards"	1
"irons"	1
"irritated"	1
"irs"	1
"is"	130
"is'"	1
"isn't"	7
"it"	515
"it'll"	7
"it's"	33
"its"	63
"itself"	14
"iv"	1
"ix"	1
"jack"	1
"jar"	2
"jaw"	1
"jaws"	2
"jelly"	1
"jogged"	1
"join"	9
"joined"	3
"journey"	1
"joys"	1
"judge"	4
"judging"	1
"jug"	1
"jumped"	6
"jumping"	4
"june"	1
"juror"	1
"jurors"	4
"jury"	21
"jurymen"	4
"just"	49
"justice"	1
"keep"	12
"keeping"	4
"kept"	13
"kettle"	1
"key"	9
"kick"	3
"kid"	5
"kill"	1
"killing"	1
"kills"	1
"kind"	8
"kindly"	2
"king"	61
"king's"	2
"kings"	1
"kiss"	1
"kissed"	1
"kitchen"	4
"knave"	9
"knee"	5
"kneel"	1
"knelt"	1
"knew"	15
"knife"	3
"knock"	1
"knocked"	1
"knocking"	3
"knot"	2
"know"	88
"knowing"	2
"knowledge"	3
"known"	1
"knows"	2
"knuckles"	1
"label"	2
"labelled"	1
"lacie"	1
"lad"	1
"ladder"	1
"lady"	3
"laid"	2
"lake"	1
"lamps"	1
"land"	1
"language"	1
"languid"	1
"lap"	2
"large"	33
"larger"	7
"largest"	1
"lark"	1
"last"	34
"lasted"	2
"lastly"	1
"late"	6
"lately"	1
"later"	3
"latin"	1
"latitude"	2
"laugh"	1
"laughed"	2
"laughing"	2
"laughter"	1
"law"	4
"laws"	8
"lay"	4
"lazily"	1
"lazy"	1
"leaders"	1
"leading"	1
"leaning"	2
"leant"	1
"leap"	1
"learn"	8
"learned"	1
"learning"	2
"learnt"	2
"least"	9
"leave"	7
"leaves"	6
"leaving"	1
"led"	4
"ledge"	1
"left"	14
"lefthand"	2
"legal"	2
"legally"	1
"legged"	2
"legs"	3
"length"	1
"less"	4
"lessen"	1
"lesson"	3
"lessons"	10
"lest"	1
"let"	14
"let's"	3
"letter"	4
"letters"	1
"lewis"	4
"liability"	3
"liable"	1
"library"	1
"license"	16
"licensed"	1
"licking"	1
"lie"	2
"lieu"	2
"life"	13
"lifted"	1
"like"	85
"liked"	6
"likely"	5
"likes"	1
"limbs"	1
"limitation"	3
"limited"	5
"line"	2
"lines"	1
"linked"	2
"links"	3
"lips"	1
"list"	3
"listen"	7
"listened"	1
"listeners"	1
"listening"	3
"lit"	1
"literary"	13
"little"	128
"live"	8
"lived"	3
"livery"	3
"lives"	2
"living"	1
"lizard"	5
"lizard's"	1
"lobster"	7
"lobsters"	7
"located"	4
"locations"	2
"lock"	1
"locked"	1
"locks"	2
"lodging"	1
"london"	1
"lonely"	2
"long"	33
"longed"	2
"longer"	3
"longitude"	2
"look"	28
"looked"	45
"looking"	32
"loose"	2
"lory"	7
"lose"	1
"losing"	1
"lost"	3
"lot"	1
"loud"	6
"louder"	1
"loudly"	3
"love"	3
"loveliest"	1
"lovely"	2
"loving"	1
"low"	15
"lower"	1
"lowing"	1
"luckily"	2
"lullaby"	1
"lying"	8
"m"	4
"ma"	2
"ma'am"	1
"mabel"	4
"machine"	1
"machines"	1
"mad"	15
"made"	30
"magic"	1
"magpie"	1
"mail"	1
"main"	1
"maintaining"	1
"majesty"	12
"make"	30
"makes"	12
"making"	8
"mallets"	1
"man"	5
"manage"	7
"managed"	4
"managing"	1
"manner"	2
"manners"	1
"many"	14
"maps"	1
"march"	35
"marched"	1
"mark"	3
"marked"	8
"marmalade'"	1
"mary"	3
"master"	4
"matter"	9
"matters"	2
"maximum"	1
"may"	27
"maybe"	2
"mayn't"	1
"me"	66
"me'"	2
"meal"	1
"mean"	10
"meaning"	8
"means"	8
"meant"	5
"meanwhile"	1
"measure"	1
"meat"	1
"medium"	5
"meekly"	2
"meet"	3
"meeting"	1
"melan"	1
"melancholy"	6
"memorandum"	1
"memory"	1
"men'"	1
"mentioned"	3
"merchantibility"	1
"mercia"	2
"merely"	2
"merrily"	1
"messages"	2
"met"	4
"method"	1
"methods"	1
"mice"	4
"michael"	2
"middle"	8
"might"	28
"mile"	2
"miles"	3
"milk"	2
"millennium"	1
"mind"	11
"minded"	1
"minding"	1
"mine"	9
"mineral"	1
"minute"	21
"minutes"	11
"mischief"	1
"miserable"	2
"miss"	4
"missed"	2
"mission"	4
"mississippi"	1
"mistake"	3
"mixed"	2
"mock"	56
"moderate"	1
"modern"	1
"modification"	1
"modified"	1
"moment"	29
"moment's"	2
"money"	3
"month"	2
"moon"	1
"moral"	7
"morals"	1
"morcar"	2
"more"	50
"morning"	5
"morsel"	1
"most"	11
"mostly"	2
"mournful"	1
"mournfully"	1
"mouse"	42
"mouse's"	1
"mouth"	10
"mouths"	4
"move"	3
"moved"	5
"moving"	3
"much"	52
"muchness"	3
"muddle"	1
"multiplication"	1
"murder"	1
"murdering"	1
"muscular"	1
"mushroom"	8
"music"	3
"must"	54
"mustard"	3
"muttered"	2
"muttering"	3
"my"	56
"myself"	7
"mystery"	2
"name"	11
"named"	1
"names"	2
"narrow"	2
"nasty"	1
"natural"	4
"natured"	1
"naturedly"	1
"nay"	1
"near"	15
"nearer"	5
"nearly"	12
"neat"	1
"neatly"	2
"necessarily"	1
"neck"	7
"need"	1
"needn't"	3
"needs"	1
"negligence"	1
"neighbour"	1
"neighbouring"	1
"neither"	2
"nervous"	5
"nest"	1
"network"	1
"never"	45
"never'"	1
"nevertheless"	1
"new"	8
"newby"	1
"newsletter"	1
"newspapers"	1
"next"	30
"nibbled"	2
"nibbling"	3
"nice"	6
"nicely"	2
"night"	5
"nile"	1
"nine"	4
"no"	87
"nobody"	6
"nodded"	1
"noise"	3
"noises"	1
"non"	1
"none"	4
"nonproprietary"	1
"nonsense"	6
"nor"	2
"normans"	1
"north"	1
"northumbria"	2
"nose"	7
"nose'"	1
"not"	154
"not'"	1
"note"	2
"nothing"	30
"notice"	8
"noticed"	8
"noticing"	1
"notifies"	1
"notion"	3
"now"	50
"nowhere"	2
"number"	8
"numerous"	1
"nurse"	3
"nursing"	3
"o"	2
"o'clock"	3
"obliged"	3
"oblong"	1
"obsolete"	1
"obstacle"	1
"obtain"	3
"obtaining"	2
"occasional"	1
"occasionally"	1
"occur"	1
"occurred"	2
"odd"	1
"of"	619
"off"	65
"offend"	1
"offended"	10
"offer"	2
"offers"	1
"office"	2
"officer"	1
"officers"	4
"official"	3
"often"	6
"oh"	22
"ointment"	1
"old"	21
"older"	2
"oldest"	1
"on"	203
"once"	32
"one"	100
"one's"	1
"ones"	1
"oneself"	1
"onions"	1
"online"	4
"only"	48
"oop"	7
"ootiful"	4
"open"	7
"opened"	10
"opening"	3
"opinion"	1
"opportunities"	1
"opportunity"	9
"opposite"	1
"or"	149
"order"	3
"ordered"	3
"ordered'"	1
"ordering"	2
"org"	13
"organized"	1
"original"	1
"originator"	1
"ornamented"	2
"other"	54
"others"	8
"otherwise"	4
"ought"	14
"our"	12
"ours"	1
"ourselves"	1
"out"	118
"outdated"	1
"outside"	7
"over"	40
"overcome"	1
"overhead"	1
"owed"	1
"owl"	3
"own"	10
"owner"	5
"owns"	2
"oyster"	1
"pace"	1
"pack"	5
"page"	2
"pages"	1
"paid"	6
"paint"	1
"painting"	2
"pair"	5
"pairs"	1
"pale"	4
"pan"	1
"panted"	1
"panther"	3
"panting"	2
"paper"	5
"paperwork"	1
"paragraph"	11
"paragraphs"	3
"parchment"	2
"pardon"	6
"pardoned"	1
"paris"	2
"part"	6
"particular"	6
"particularly"	1
"partner"	1
"partners"	1
"parts"	1
"party"	11
"pass"	1
"passage"	4
"passed"	5
"passing"	1
"passion"	3
"passionate"	1
"past"	3
"pat"	2
"patience"	1
"patiently"	2
"patriotic"	1
"patted"	1
"pattering"	3
"pattern"	1
"pause"	2
"paused"	1
"paw"	3
"paws"	4
"pay"	1
"paying"	2
"payments"	3
"pebbles"	2
"peeped"	3
"peeping"	1
"peering"	1
"pegs"	1
"pence"	1
"pencil"	2
"pencils"	1
"pennyworth"	2
"people"	16
"pepper"	7
"perfectly"	4
"perform"	1
"performances"	1
"performed"	1
"performing"	3
"perhaps"	14
"periodic"	1
"permanent"	1
"permission"	7
"permitted"	3
"persisted"	2
"person"	8
"personal"	2
"persons"	1
"pet"	1
"pg"	1
"pglaf"	8
"phrase"	4
"physical"	2
"picked"	3
"picking"	2
"picture"	1
"pictured"	1
"pictures"	4
"pie"	3
"piece"	6
"pieces"	3
"pig"	11
"pigeon"	12
"pigs"	6
"pinch"	2
"pinched"	2
"pine"	1
"pink"	1
"piteous"	1
"pitied"	1
"pity"	3
"place"	9
"placed"	1
"places"	2
"plain"	2
"plainly"	1
"plan"	4
"planning"	1
"plate"	3
"plates"	2
"play"	8
"played"	1
"players"	4
"playing"	2
"pleaded"	3
"pleasant"	1
"pleasanter"	1
"please"	18
"pleased"	7
"pleases"	1
"pleasing"	1
"pleasure"	2
"plenty"	2
"pocket"	7
"pointed"	1
"pointing"	4
"poison"	1
"poker"	1
"poky"	1
"politely"	6
"pool"	11
"poor"	26
"pop"	1
"pope"	1
"porpoise"	4
"position"	2
"positively"	1
"possessed"	1
"possession"	1
"possibility"	1
"possible"	1
"possibly"	3
"posted"	5
"posting"	1
"pot"	1
"pounds"	1
"pour"	1
"poured"	1
"powdered"	1
"practically"	1
"practice"	1
"pray"	2
"precious"	1
"prepare"	2
"present"	3
"presented"	1
"presently"	2
"presents"	2
"preserve"	1
"pressed"	3
"pressing"	1
"pretend"	1
"pretending"	1
"pretexts"	1
"prettier"	1
"pretty"	1
"prevent"	2
"previous"	1
"principal"	1
"print"	1
"printed"	3
"prison"	1
"prisoner"	1
"prisoner's"	1
"prize"	1
"prizes"	4
"problem"	1
"proceed"	2
"processing"	1
"procession"	5
"processions"	1
"produce"	1
"produced"	2
"producing"	1
"production"	1
"professor"	1
"profit"	1
"profits"	1
"prohibition"	1
"project"	87
"prominently"	2
"promise"	1
"promised"	1
"promising"	1
"promoting"	2
"promotion"	1
"pronounced"	1
"proofread"	1
"proper"	3
"property"	2
"proposal"	1
"proprietary"	1
"prosecute"	1
"protect"	2
"protection"	1
"proud"	2
"prove"	1
"proved"	2
"proves"	2
"provide"	7
"provided"	4
"providing"	4
"provision"	1
"provisions"	1
"provoking"	1
"public"	9
"puffed"	1
"pulled"	1
"pulling"	1
"pun"	1
"punching"	1
"punished"	1
"punitive"	1
"puppy"	6
"puppy's"	1
"purple"	1
"purpose"	3
"purring"	2
"push"	1
"puss"	1
"put"	31
"putting"	3
"puzzle"	1
"puzzled"	9
"puzzling"	4
"quadrille"	4
"quarrel"	1
"quarrelled"	1
"quarrelling"	2
"queen"	68
"queen's"	7
"queens"	1
"queer"	12
"queerest"	1
"question"	17
"questions"	4
"quick"	2
"quicker"	1
"quickly"	2
"quiet"	2
"quietly"	5
"quite"	55
"quiver"	1
"rabbit"	46
"rabbit'"	1
"rabbit's"	4
"rabbits"	1
"race"	6
"railway"	2
"raised"	2
"raising"	1
"ran"	16
"rapidly"	2
"rapped"	1
"rat"	1
"rate"	9
"rather"	25
"rats"	1
"rattle"	1
"rattling"	2
"raven"	1
"ravens"	1
"raving"	2
"raw"	1
"re"	2
"reach"	4
"reaching"	2
"read"	13
"readable"	2
"readily"	1
"reading"	4
"ready"	8
"real"	3
"reality"	1
"really"	10
"rearing"	1
"reason"	9
"reasonable"	2
"reasons"	1
"receipt"	2
"receive"	3
"received"	6
"receiving"	1
"recognised"	1
"recovered"	2
"red"	3
"redistribute"	1
"redistributing"	2
"redistribution"	2
"reduced"	1
"reeds"	1
"references"	2
"refreshments"	1
"refund"	10
"refused"	1
"registered"	2
"regular"	2
"regulating"	1
"release"	1
"relief"	2
"relieved"	1
"remain"	2
"remained"	3
"remaining"	2
"remark"	10
"remarkable"	2
"remarked"	10
"remarking"	3
"remarks"	3
"remedies"	2
"remember"	14
"remembered"	5
"remembering"	1
"reminding"	1
"remove"	1
"removed"	4
"renamed"	1
"repeat"	6
"repeated"	10
"repeating"	3
"replace"	1
"replacement"	5
"replied"	29
"reply"	5
"reported"	1
"reports"	1
"representations"	1
"request"	1
"require"	1
"required"	1
"requirements"	4
"research"	2
"resource"	1
"respect"	1
"respectable"	1
"respectful"	1
"rest"	10
"resting"	2
"restrictions"	2
"result"	1
"retire"	1
"return"	3
"returned"	2
"returning"	1
"returns"	1
"revenue"	1
"rich"	1
"riddle"	1
"riddles"	2
"ridge"	1
"ridges"	1
"ridiculous"	1
"right"	35
"righthand"	1
"rightly"	1
"ring"	2
"ringlets"	2
"riper"	1
"rippling"	1
"rise"	1
"rises"	1
"rising"	1
"roared"	1
"roast"	1
"rock"	1
"rocket"	1
"rome"	2
"roof"	6
"room"	13
"roots"	2
"rope"	1
"rose"	4
"roses"	3
"rosetree"	1
"roughly"	1
"round"	41
"row"	2
"royal"	2
"royalties"	2
"royalty"	3
"rubbed"	1
"rubbing"	2
"rude"	2
"rudeness"	1
"rule"	4
"rules"	5
"rumbling"	1
"run"	4
"running"	8
"rush"	2
"rushed"	1
"rustled"	1
"rustling"	1
"s"	6
"sad"	3
"sadly"	5
"safe"	2
"sage"	1
"said"	462
"salmon"	1
"salt"	3
"same"	24
"sand"	1
"sands"	1
"sang"	2
"sat"	17
"saucepan"	1
"saucepans"	1
"saucer"	1
"savage"	4
"save"	1
"saves"	1
"saw"	14
"say"	51
"saying"	15
"says"	4
"scale"	1
"scaly"	1
"scattered"	1
"school"	6
"schoolroom"	1
"scolded"	1
"scrambling"	1
"scratching"	1
"scream"	2
"screamed"	4
"screaming"	1
"scroll"	2
"sea"	14
"seaography"	1
"search"	2
"seaside"	1
"seated"	1
"second"	6
"secondly"	2
"secret"	1
"section"	7
"sections"	1
"secure"	1
"see"	70
"seeing"	1
"seem"	8
"seemed"	27
"seems"	5
"seen"	15
"seldom"	1
"sell"	2
"send"	2
"sending"	3
"sends"	1
"sensation"	2
"sense"	3
"sent"	3
"sentence"	7
"sentenced"	1
"series"	1
"seriously"	1
"serpent"	7
"serpents"	3
"service"	1
"set"	22
"setting"	1
"settle"	1
"settled"	3
"settling"	1
"seven"	5
"several"	5
"severely"	4
"severity"	1
"sh"	1
"shade"	1
"shake"	1
"shakespeare"	1
"shaking"	3
"shall"	25
"shan't"	5
"shape"	1
"shaped"	3
"share"	2
"shared"	2
"sharing"	2
"shark"	1
"sharks"	1
"sharp"	6
"sharply"	4
"she"	537
"she'd"	1
"she'll"	3
"she's"	4
"shedding"	1
"sheep"	1
"shelves"	2
"shepherd"	1
"shifting"	1
"shilling"	1
"shillings"	1
"shingle"	1
"shining"	1
"shiny"	1
"shiver"	1
"shock"	1
"shoes"	7
"shook"	9
"shore"	4
"short"	4
"shorter"	2
"should"	29
"shoulder"	4
"shoulders"	4
"shouldn't"	5
"shouted"	9
"shouting"	2
"show"	3
"shower"	2
"showing"	2
"shriek"	5
"shrieked"	1
"shrieks"	1
"shrill"	5
"shrimp"	1
"shrink"	1
"shrinking"	4
"shut"	5
"shutting"	2
"shyly"	1
"side"	17
"sides"	4
"sigh"	4
"sighed"	5
"sighing"	3
"sight"	10
"sign"	1
"signed"	2
"signifies"	1
"signify"	1
"silence"	12
"silent"	7
"simple"	5
"simpleton"	1
"simply"	3
"since"	4
"sing"	6
"singers"	2
"singing"	2
"sink"	1
"sir"	6
"sir'"	1
"sister"	8
"sister's"	1
"sisters"	2
"sit"	6
"site"	4
"sits"	1
"sitting"	10
"six"	2
"sixpence"	1
"size"	13
"sizes"	1
"skimming"	1
"skirt"	1
"skurried"	1
"sky"	5
"slate"	4
"slates"	7
"slates'll"	1
"sleep"	6
"sleepy"	5
"slightest"	1
"slipped"	3
"slippery"	1
"slowly"	8
"sluggard"	1
"small"	12
"smaller"	3
"smallest"	2
"smile"	2
"smiled"	2
"smiling"	2
"smoke"	1
"smoking"	2
"snail"	3
"snappishly"	1
"snatch"	2
"sneeze"	2
"sneezed"	1
"sneezes"	2
"sneezing"	6
"snorting"	1
"snout"	1
"so"	145
"sob"	1
"sobbed"	1
"sobbing"	3
"sobs"	4
"soft"	1
"softly"	1
"soldier"	1
"soldiers"	10
"solemn"	3
"solemnly"	4
"solicit"	2
"solicitation"	1
"solid"	1
"some"	51
"somebody"	6
"somehow"	1
"someone"	1
"somersault"	2
"something"	18
"sometimes"	5
"somewhere"	3
"son"	1
"song"	7
"soo"	6
"soon"	25
"sooner"	2
"soothing"	1
"sorrow"	2
"sorrowful"	2
"sorrows"	1
"sorry"	1
"sort"	20
"sorts"	3
"sound"	4
"sounded"	5
"sounds"	4
"soup"	18
"sour"	1
"spades"	1
"speak"	13
"speaker"	1
"speaking"	5
"special"	1
"specific"	1
"specified"	2
"spectacles"	3
"speech"	3
"speed"	1
"spell"	1
"spirited"	1
"spite"	1
"splash"	1
"splashed"	1
"splashing"	2
"splendidly"	1
"spoke"	17
"spoken"	1
"spoon"	2
"spot"	1
"sprawling"	1
"spread"	4
"spreading"	1
"squeaked"	1
"squeaking"	2
"squeeze"	1
"squeezed"	1
"staff"	1
"stairs"	3
"stalk"	1
"stamping"	2
"stand"	5
"standing"	1
"star"	1
"staring"	3
"start"	3
"started"	2
"startled"	2
"state"	6
"state's"	1
"statements"	1
"states"	14
"station"	1
"status"	4
"stay"	5
"stays"	1
"steady"	1
"steam"	1
"sternly"	1
"stick"	4
"sticks"	1
"stiff"	1
"stigand"	1
"still"	13
"stingy"	1
"stirring"	2
"stockings"	1
"stole"	2
"stood"	7
"stool"	1
"stoop"	2
"stop"	6
"stopped"	3
"stopping"	1
"stored"	1
"story"	8
"straight"	2
"straightened"	1
"straightening"	1
"strange"	5
"strength"	1
"stretched"	2
"stretching"	2
"strict"	1
"strings"	1
"struck"	2
"stuff"	3
"stupid"	3
"stupidest"	1
"stupidly"	1
"subdued"	1
"subject"	7
"subjects"	1
"submitted"	1
"subscribe"	1
"succeeded"	3
"such"	47
"sudden"	5
"suddenly"	13
"suet"	1
"sugar"	2
"suit"	3
"sulkily"	2
"sulky"	3
"summer"	2
"sun"	2
"supple"	1
"support"	4
"suppose"	12
"suppress"	1
"suppressed"	4
"sure"	20
"surprise"	5
"surprised"	7
"survive"	1
"swallow"	1
"swallowed"	1
"swallowing"	1
"swam"	5
"swamp"	1
"sweet"	1
"swim"	4
"swimming"	2
"synonymous"	1
"t"	1
"table"	18
"tail"	9
"tails"	3
"take"	20
"taken"	4
"takes"	3
"taking"	5
"tale"	4
"tales"	1
"talk"	14
"talking"	16
"taller"	2
"tart"	1
"tarts"	7
"taste"	2
"tasted"	3
"tastes"	1
"taught"	4
"tax"	6
"taxes"	1
"tea"	19
"teaching"	1
"teacup"	3
"teacups"	2
"teapot"	1
"tears"	11
"teases"	1
"teeth"	1
"telescope"	3
"telescopes"	1
"tell"	29
"telling"	2
"tells"	2
"temper"	5
"tempered"	2
"ten"	5
"terms"	22
"terribly"	1
"terrier"	1
"terror"	1
"than"	25
"thank"	1
"thanked"	1
"that"	280
"that'll"	1
"that's"	18
"thatched"	1
"the"	1797
"their"	51
"theirs"	1
"them"	88
"themselves"	3
"then"	82
"there"	73
"there's"	17
"therefore"	1
"these"	17
"they"	123
"they'd"	3
"they'll"	4
"they're"	10
"they've"	1
"thick"	1
"thimble"	3
"thimble'"	1
"thin"	1
"thing"	49
"things"	33
"think"	53
"thinking"	10
"thirteen"	1
"thirty"	1
"this"	178
"thistle"	2
"thoroughly"	2
"those"	11
"though"	11
"thought"	74
"thoughtfully"	4
"thoughts"	2
"thousand"	2
"three"	27
"threw"	2
"throat"	2
"throne"	1
"through"	16
"throughout"	1
"throw"	3
"throwing"	2
"thrown"	1
"thump"	2
"thunder"	1
"thunderstorm"	1
"thus"	1
"tide"	1
"tidy"	1
"tie"	1
"tied"	1
"tight"	1
"till"	19
"tillie"	1
"time"	71
"times"	6
"timid"	3
"timidly"	9
"tinkling"	1
"tiny"	4
"tipped"	1
"tiptoe"	2
"tired"	7
"title"	1
"tittered"	1
"tm"	56
"tm's"	1
"to"	804
"toast"	1
"today"	1
"toes"	3
"toffee"	1
"together"	9
"told"	6
"tomorrow"	1
"tone"	40
"tones"	2
"tongue"	4
"too"	26
"took"	24
"top"	8
"tops"	1
"tortoise"	3
"toss"	1
"tossing"	3
"touch"	1
"tougher"	1
"towards"	1
"toys"	1
"trademark"	11
"trampled"	1
"transcribe"	1
"transcription"	1
"traps"	1
"tray"	1
"treacle"	5
"treading"	2
"treat"	1
"treated"	1
"treatment"	1
"tree"	8
"trees"	7
"tremble"	1
"trembled"	2
"trembling"	6
"tremulous"	1
"trial"	7
"trial's"	3
"trials"	1
"trickling"	1
"tricks"	1
"tried"	19
"trims"	1
"triumphantly"	2
"trot"	1
"trotting"	2
"trouble"	6
"true"	4
"trumpet"	3
"trusts"	1
"truth"	1
"truthful"	1
"try"	12
"trying"	14
"tucked"	3
"tulip"	1
"tumbled"	1
"tumbling"	2
"tunnel"	1
"tureen"	1
"turkey"	1
"turn"	9
"turned"	16
"turning"	12
"turns"	3
"turtle"	57
"turtle's"	2
"turtles"	2
"tut"	1
"twelfth"	1
"twelve"	4
"twentieth"	1
"twenty"	2
"twice"	5
"twinkle"	7
"twinkled"	1
"twinkling"	4
"twist"	2
"two"	38
"txt"	1
"types"	1
"u"	3
"ugh"	1
"uglification"	2
"uglify"	1
"uglifying"	1
"ugly"	2
"unable"	1
"uncivil"	1
"uncomfortable"	4
"uncomfortably"	1
"uncommon"	1
"uncommonly"	1
"uncorked"	1
"under"	22
"underneath"	1
"understand"	7
"understood"	1
"undertone"	2
"undo"	1
"undoing"	1
"uneasily"	2
"uneasy"	1
"unenforceability"	1
"unfolded"	2
"unfortunate"	3
"unhappy"	2
"uniform"	1
"unimportant"	2
"united"	10
"unjust"	1
"unless"	5
"unlink"	1
"unlocking"	1
"unpleasant"	2
"unrolled"	2
"unsolicited"	1
"until"	4
"untwist"	1
"unusually"	1
"unwillingly"	1
"up"	102
"updated"	2
"upon"	28
"upright"	1
"upset"	3
"upsetting"	1
"upstairs"	1
"us"	15
"use"	31
"used"	16
"useful"	2
"user"	3
"using"	6
"usual"	5
"usually"	2
"usurpation"	1
"ut"	1
"v"	1
"vague"	1
"vanilla"	2
"vanished"	4
"vanishing"	1
"variations"	1
"variety"	1
"various"	2
"vegetable"	1
"velvet"	1
"venture"	3
"ventured"	4
"verdict"	4
"verse"	4
"verses"	4
"version"	1
"very"	140
"vi"	1
"viewed"	1
"viewing"	1
"vii"	1
"viii"	1
"vinegar"	1
"violates"	1
"violence"	1
"violent"	2
"violently"	4
"virus"	1
"visit"	3
"voice"	48
"voices"	3
"void"	1
"volunteer"	1
"volunteers"	6
"vote"	1
"vulgar"	1
"wag"	1
"wags"	1
"waist"	1
"waistcoat"	2
"wait"	1
"waited"	11
"waiting"	9
"walk"	5
"walked"	10
"walking"	5
"walks"	1
"walrus"	1
"wander"	1
"wandered"	2
"wandering"	2
"want"	9
"wanted"	4
"wants"	2
"warning"	1
"warranties"	3
"warranty"	2
"was"	357
"wash"	2
"washing"	3
"wasn't"	11
"waste"	1
"wasting"	2
"watch"	8
"watched"	2
"watching"	3
"water"	5
"waters"	1
"waving"	5
"way"	58
"ways"	2
"we"	28
"we're"	1
"we've"	2
"weak"	2
"wearily"	1
"web"	6
"week"	3
"weeks"	1
"welcome"	1
"well"	40
"went"	83
"wept"	1
"were"	84
"were'"	1
"weren't"	1
"west"	1
"wet"	2
"what"	102
"what's"	2
"whatever"	3
"whatsoever"	2
"when"	75
"whenever"	1
"where"	15
"where's"	1
"whereupon"	1
"wherever"	2
"whether"	11
"which"	52
"while"	26
"whiles"	1
"whiskers"	3
"whisper"	3
"whispered"	5
"whispers"	1
"whistle"	1
"whistling"	1
"white"	30
"whiting"	8
"who"	58
"who's"	1
"whole"	13
"whom"	2
"whose"	2
"why"	18
"wide"	3
"wider"	1
"widest"	2
"wife"	1
"wig"	2
"wild"	2
"wildly"	2
"will"	40
"william"	7
"william's"	1
"win"	1
"wind"	2
"window"	8
"wine"	2
"wings"	1
"wink"	2
"winter"	1
"wise"	2
"wish"	22
"with"	227
"within"	6
"without"	33
"witness"	10
"wits"	1
"woke"	1
"woman"	2
"won"	2
"won't"	23
"won't'"	1
"wonder"	18
"wondered"	1
"wonderful"	2
"wondering"	7
"wonderland"	8
"wood"	8
"wooden"	1
"word"	11
"words"	21
"wore"	1
"work"	53
"works"	33
"world"	7
"worm"	1
"worried"	1
"worry"	1
"worse"	3
"worth"	4
"would"	78
"wouldn't"	12
"wow"	4
"wrapping"	1
"wretched"	2
"wriggling"	1
"write"	5
"writhing"	1
"writing"	9
"written"	9
"wrong"	5
"wrote"	3
"www"	6
"x"	1
"xi"	1
"xii"	1
"yard"	1
"yards"	1
"yawned"	2
"yawning"	2
"ye"	1
"year"	2
"years"	2
"yelled"	1
"yelp"	1
"yer"	4
"yes"	1
"yesterday"	3
"yet"	25
"you"	395
"you'd"	8
"you'll"	4
"you're"	17
"you've"	6
"young"	5
"your"	69
"yours"	3
"yourself"	10
"youth"	6
"zealand"	1
"zigzag"	1
"zip"	1
